Segment_number,Average Degree (Global),Global Efficiency,Average Shortest Path Length,Clustering Coefficient,Modularity
1,3.3684210526315788,0.4720272904483433,2.7660818713450293,0.387719298245614,0.4607471310705706
2,2.9473684210526314,0.486397058823529,6.064327485380117,0.3649122807017543,0.4340109137765641
3,3.263157894736842,0.4772331154684092,4.461988304093567,0.5210526315789474,0.5336491558161751
4,2.1052631578947367,0.4826164874551971,10.175438596491228,0.2842105263157894,0.5903419291145664
5,3.5789473684210527,0.480701754385965,2.719298245614035,0.463157894736842,0.4717428839036681
6,3.1578947368421053,0.4684210526315792,2.7485380116959064,0.4177944862155389,0.4152098776152657
7,2.736842105263158,0.5458333333333332,10.087719298245617,0.4017543859649123,0.4562055997103335
Average,3.0225563909774436,0.4876042989351937,5.574770258980785,0.40580021482277123,0.4802724987153062
